section,group,name,url,description,tags,stars,last_push,line
Federal government and agencies,,Data.gov,https://data.gov/,"US federal open data catalog. 200,000+ datasets via catalog.data.gov, CKAN API, and the DCAT metadata standard.",Portal Open,,,56
Federal government and agencies,,api.data.gov,https://api.data.gov/,The API management gateway for federal agency APIs. Free API keys for public services like USGS and the National Weather Service.,Portal Open,,,57
Federal government and agencies,,Federal Register API,https://www.federalregister.gov/,"Official rules, proposed rules, and notices from federal agencies with a free public JSON API, no key required.",API Open,,,58
Federal government and agencies,,Congress.gov API,https://api.congress.gov/,"Library of Congress API over congressional data: bills and their actions, amendments, Member records, House roll-call votes, committees, the Congressional Record, nominations, treaties, and CRS reports. JSON or XML on api.congress.gov/v3, up to 250 records per page, with a free key from api.data.gov.",API Key,,,59
Federal government and agencies,,GovInfo API,https://www.govinfo.gov/,"The Government Publishing Office's GovInfo: authenticated PDF and XML of Congressional bills, bill status, the Congressional Record, the Federal Register, the Code of Federal Regulations, the US Code, public laws, court opinions, and budget documents. The REST API at api.govinfo.gov takes an api.data.gov key, and GPO runs a bulk data repository and link service beside it.",API Key,,,60
Federal government and agencies,,Regulations.gov API,https://www.regulations.gov/,"Federal rulemaking records from the GSA-run Regulations.gov: dockets, documents, and public comments, with search and detail endpoints plus comment submission. The v4 API is documented at open.gsa.gov/api/regulationsgov with an OpenAPI specification, and DEMO_KEY works for a first call.",API Key,,,61
Federal government and agencies,,SAM.gov,https://sam.gov/entity-information,"Federal procurement system of record: entity registrations, contract awards, and assistance data, browsable at sam.gov and via API.",Portal Open,,,62
Federal government and agencies,,Open States,https://open.pluralpolicy.com/,"State legislative data for all 50 states, DC, and Puerto Rico: bills, votes, and legislators, from the Open States project that Plural Policy adopted in 2021. Bulk downloads and API key registration moved to open.pluralpolicy.com, and openstates.org now redirects to the Plural site.",API Key,,,63
Federal government and agencies,,FCC Open Data,https://opendata.fcc.gov/,"FCC open data: broadband maps, licensing, and Universal Service datasets served through opendata.fcc.gov and the FCC APIs.",Portal Open,,,64
Federal government and agencies,,FEMA OpenFEMA,https://www.fema.gov/about/reports-and-data/openfema,"OpenFEMA datasets and APIs: disaster declarations, individual assistance, and NFIP claims as downloadable CSV plus JSON API.",API Open,,,65
Federal government and agencies,,FBI Crime Data Explorer API,https://cde.ucr.cjis.gov/LATEST/webapp/#/pages/docApi,"Uniform Crime Reporting data behind the FBI Crime Data Explorer. The summarized endpoints return monthly offense rates for the nation, a state, or a single agency from a from/to date range, with a free api.data.gov key.",API Open,,,66
Federal government and agencies,,BJS Crime Statistics,https://bjs.ojp.gov/,"Bureau of Justice Statistics: national crime victimization survey, recidivism, and corrections data with the Crime Data Explorer.",Data Open,,,67
Statistics and economics,,Census Bureau Data APIs,https://www.census.gov/data/developers/data-sets.html,"Census Data API and datasets: population, ACS 1/5-year estimates, economic census, and TIGER/Line geography. No key needed for low volume.",API Open,,,71
Statistics and economics,,BLS Public Data API,https://www.bls.gov/developers/,"Bureau of Labor Statistics API: CPI, unemployment, payrolls, producer prices, and other labor market series with a free API key.",API Open,,,72
Statistics and economics,,BEA API,https://apps.bea.gov/api/,"Bureau of Economic Analysis API: GDP, national and regional income, and industry accounts in structured JSON after free registration.",API Key,,,73
Statistics and economics,,FRED (Federal Reserve Economic Data),https://fred.stlouisfed.org/,"Economic time series from the Federal Reserve Bank of St. Louis: the catalog counts 853,000 series drawn from 126 sources, covering GDP, prices, employment, interest rates, and banking. The REST API at api.stlouisfed.org returns series metadata, observations, search results, and release dates with a free key, and ALFRED serves each series as it was first published.",API Key,,,74
Statistics and economics,,IRS Statistics of Income,https://www.irs.gov/statistics,"SOI tables: individual and corporate tax statistics, migration data, and ZIP-level aggregates published as CSV and PDF yearbook tables.",Data Open,,,75
Statistics and economics,US Department of the Treasury,USAspending API,https://api.usaspending.gov/,"Treasury API for federal spending under the DATA Act: awards, recipients, agency and geographic breakdowns, and account-level data, all as JSON.",API Open,,,77
Statistics and economics,US Department of the Treasury,Treasury Fiscal Data API,https://fiscaldata.treasury.gov/,"Treasury fiscal data as a REST API and bulk download: national debt, interest rates, federal spending and revenue, and savings bond values. No API key.",API Open,,,78
"Money, markets and regulation",,SEC EDGAR APIs,https://www.sec.gov/edgar/search/,"Securities and Exchange Commission filings and the XBRL facts extracted from them. data.sec.gov serves company submission histories, company facts, and frames as JSON without an API key, and the EDGAR full-index archive covers bulk download of every filing.",API Open,,,82
"Money, markets and regulation",,OpenFEC API,https://www.fec.gov/data/,"The Federal Election Commission's campaign finance data: candidate and committee registrations, filings, itemized contributions and disbursements, independent expenditures, audit cases, and legal records such as advisory opinions and enforcement matters. The REST API runs on api.data.gov behind a free key, and the FEC republishes the same extracts as bulk downloads.",API Key,,,83
"Money, markets and regulation",,FDIC BankFind Suite API,https://banks.data.fdic.gov/bankfind-suite/bankfind,"FDIC records for every insured US bank and thrift, served as JSON with no API key: institution details, branch locations, quarterly financials, structure and ownership history, and the failed-bank list. Endpoints run under api.fdic.gov/banks and the Swagger reference is at api.fdic.gov/banks/docs; the same extracts are downloadable from the FDIC bank data and statistics pages.",API Open,,,84
"Money, markets and regulation",,CPSC Product Recall API,https://www.saferproducts.gov/,"Every consumer product recall the Consumer Product Safety Commission has published, one record per recall with the product, the hazard, the remedy offered, the countries that made it, and the model numbers. The REST endpoint answers JSON without a key, and the same records run SaferProducts.gov.",API Open,,,85
"Money, markets and regulation",Consumer Financial Protection Bureau,CFPB Open Data,https://www.consumerfinance.gov/data-research/,"Consumer Financial Protection Bureau data products: the public Consumer Complaint Database (more than 18 million complaints, searchable as JSON through its search API), HMDA mortgage data, the small business lending database, and consumer credit trend dashboards.",Portal Open,,,87
"Money, markets and regulation",Consumer Financial Protection Bureau,CFPB Consumer Complaint Database,https://www.consumerfinance.gov/data-research/consumer-complaints/,"The Consumer Complaint Database, one row for every complaint the Consumer Financial Protection Bureau has sent to a company since December 2011: more than 18 million records with the product, the issue, the company, the date received, and the company response. The search API answers JSON without a key, and the same rows run the public complaint search.",Data Open,,,88
Health and public health,US Department of Health and Human Services (HHS),CDC Open Data,https://data.cdc.gov/,"CDC data.cdc.gov Socrata portal: disease surveillance, vital statistics, health behaviors, and NCHS datasets with REST and SODA API.",Portal Open,,,93
Health and public health,US Department of Health and Human Services (HHS),openFDA,https://open.fda.gov/,"FDA public APIs: drug adverse events, device recalls and 510(k) clearances, food enforcement reports, and product labels. No key needed for low volume.",API Open,,,94
Health and public health,US Department of Health and Human Services (HHS),CMS Provider Data,https://data.cms.gov/provider-data/,"Care Compare provider data from the Centers for Medicare & Medicaid Services, covering hospitals, dialysis facilities, home health agencies, hospices, and nursing facilities. Public metastore API and bulk CSV downloads, no key needed.",Data Open,,,95
Health and public health,US Department of Health and Human Services (HHS),NIH RePORTER,https://reporter.nih.gov/,"NIH database of funded biomedical research: projects, principal investigators, award amounts, and linked publications. JSON search API, no key.",API Open,,,96
Health and public health,US Department of Health and Human Services (HHS),HealthData.gov,https://healthdata.gov/,"HHS open data catalog at healthdata.gov: a DCAT feed of about 19,700 datasets from FDA, CDC, CMS, NIH, and other HHS divisions, plus a Socrata discovery API for search across the catalog.",Portal Open,,,97
Health and public health,US Department of Health and Human Services (HHS),ClinicalTrials.gov API,https://clinicaltrials.gov/,"Clinical study registry from the National Library of Medicine: 605,000+ studies with sponsor, recruitment status, phase, enrollment, outcome measures, and locations. The v2 REST API answers JSON without a key, and /api/v2/studies/download streams every record as a zip of JSON.",API Open,,,98
Health and public health,US Department of Health and Human Services (HHS),NCBI E-utilities,https://www.ncbi.nlm.nih.gov/home/develop/,"The National Center for Biotechnology Information's keyless REST interface to 38 databases, from PubMed and PMC to GenBank, dbSNP, Protein, Taxonomy, and ClinVar. Search, summary, fetch, and link requests answer as JSON or XML.",API Open,,,99
"Education, science and culture",,ED Open Data,https://data.ed.gov/,"Department of Education data.ed.gov: college scorecard, civil rights data collection, and federal student aid statistics.",Portal Open,,,103
"Education, science and culture",,NASA Open APIs,https://api.nasa.gov/,"NASA api.nasa.gov: APOD, Mars rover photos, NEO asteroid tracking, and satellite imagery, key optional for most endpoints.",API Key,,,104
"Education, science and culture",,Smithsonian Open Access,https://edan.si.edu/openaccess/apidocs/,"CC0 object records and media from the Smithsonian's museums, archives, and research centers: specimen and catalogue metadata, images, library volumes, and research data. The EDAN Open Access API at api.si.edu takes an api.data.gov key and its stats endpoint publishes CC0 record counts per unit each month (48 units in September 2026); the same release is on the AWS Open Data registry as bulk files.",API Key,,,105
"Environment, climate and geospatial",,EPA Environmental Data,https://cdx.epa.gov/,"EPA Central Data Exchange and dataset catalog: air quality, water, toxics release inventory, and enforcement data with public APIs.",Portal Open,,,109
"Environment, climate and geospatial",,AirNow API,https://www.airnow.gov/,"Air quality observations and forecasts from the EPA's AirNow program, which draws on more than 150 local, state, tribal, provincial, and federal partner agencies and more than 2,500 monitoring stations. The REST API returns current AQI by ZIP code, reporting area, or latitude and longitude, plus forecasts, with a free key. Values are preliminary, not regulatory-grade.",API Key,,,110
"Environment, climate and geospatial",NOAA,NOAA Open APIs,https://www.noaa.gov/,"National Oceanic and Atmospheric Administration: weather, climate, tides, oceans, and satellite APIs, many reachable without a key.",API Open,,,112
"Environment, climate and geospatial",NOAA,National Weather Service API,https://api.weather.gov/,"The National Weather Service's public forecast and hazard service at api.weather.gov: point forecasts and hourly forecasts, active watches, warnings and advisories, observations from surface stations, radar and marine products, and climate reports. Every endpoint answers GeoJSON without an API key, and the service asks only that callers send a User-Agent that identifies their application.",API Open,,,113
"Environment, climate and geospatial",US Geological Survey,USGS Earthquake Hazards,https://earthquake.usgs.gov/fdsnws/event/1/,"FDSN event API for near-real-time earthquakes worldwide plus US hazard models. No key required, GeoJSON and KML formats.",API Open,,,115
"Environment, climate and geospatial",US Geological Survey,USGS Water Services,https://waterdata.usgs.gov/,"USGS Water Services, the web services behind the National Water Information System (NWIS): daily, monthly, and annual streamflow for tens of thousands of river gauges, plus the annual peak-flow record for each one, as JSON, RDB, or WaterML. Keyless.",API Open,,,116
Transport,US Department of Transportation,US DOT Open Data,https://data.transportation.gov/,"Department of Transportation open data portal: aviation, highways, rail, maritime, and vehicle safety datasets with Socrata APIs and bulk exports.",Portal Open,,,121
Transport,US Department of Transportation,Bureau of Transportation Statistics,https://data.bts.gov/,"The US DOT Bureau of Transportation Statistics portal at data.bts.gov: monthly transportation indicators, freight and supply-chain measures, and state-level transportation finance tables, published through Socrata SODA APIs with CSV and JSON downloads.",Portal Open,,,122
Transport,US Department of Transportation,NHTSA Vehicle APIs,https://api.nhtsa.gov/,"National Highway Traffic Safety Administration APIs on api.nhtsa.gov: recalls and safety complaints by make, model, and year, product model lists, NCAP safety ratings, and VIN decoding through vPIC, all JSON with no key.",API Open,,,123
"Energy, agriculture and food",,EIA Open Data API,https://www.eia.gov/opendata/,"US Energy Information Administration API: energy production, consumption, prices, and forecasts as JSON series with a free API key.",API Key,,,127
"Energy, agriculture and food",US Department of Agriculture (USDA),USDA NASS Quick Stats API,https://quickstats.nass.usda.gov/,"National Agricultural Statistics Service estimates behind the Quick Stats query tool: crop and livestock production, inventories, prices, and county-level estimates, plus Census of Agriculture tables. The JSON API at quickstats.nass.usda.gov/api takes a free key, and NASS publishes bulk datasets for offline use.",API Key,,,129
"Energy, agriculture and food",US Department of Agriculture (USDA),USDA FoodData Central,https://fdc.nal.usda.gov/,"USDA nutrition data: Foundation Foods with analytically measured nutrient values, SR Legacy, Branded Foods built from manufacturer labels, and the Food and Nutrient Database for Dietary Studies behind national dietary research. The REST API at api.nal.usda.gov/fdc/v1 searches foods and returns their nutrient values, with a DEMO_KEY for light use, and USDA republishes the whole release as CSV and JSON bulk downloads.",API Key,,,130
State portals,,New York State Open Data,https://data.ny.gov/,"New York State portal at data.ny.gov: health, transportation, labor, and environment datasets from state agencies, with the Socrata API and bulk exports.",Portal Open,,,134
State portals,,California Open Data Portal,https://data.ca.gov/,"State of California data.ca.gov: budget, health, education, transportation, and environmental datasets with Socrata APIs.",Portal Open,,,135
State portals,,Texas Open Data,https://data.texas.gov/,"State of Texas data.texas.gov: finance, health, licensing, and transportation datasets on the Socrata platform.",Portal Open,,,136
State portals,,Colorado Open Data,https://data.colorado.gov/,"State of Colorado data.colorado.gov: water, health, environment, and agency datasets with Socrata APIs.",Portal Open,,,137
State portals,,Washington State Open Data,https://data.wa.gov/,"State of Washington data.wa.gov: agency datasets on health, education, transportation, environment, and corrections, with Socrata SODA APIs and bulk exports.",Portal Open,,,138
State portals,,Michigan Open Data,https://data.michigan.gov/,"State of Michigan portal at data.michigan.gov: agency datasets on procurement, public health, veterans services, and local government finance, served through the Socrata SODA API with bulk exports.",Portal Open,,,139
State portals,,Oregon Open Data,https://data.oregon.gov/,"Oregon's state portal at data.oregon.gov: agency datasets on public safety, health and human services, education, business, and natural resources, published through Socrata SODA APIs with CSV, JSON, and XML exports.",Portal Open,,,140
State portals,,Pennsylvania Open Data,https://data.pa.gov/,"Pennsylvania's state open data portal at data.pa.gov: agency datasets on elections, revenue, education, health, and transportation, served through Socrata SODA APIs with CSV, JSON, and XML exports.",Portal Open,,,141
State portals,,Illinois Open Data,https://data.illinois.gov/,"The State of Illinois portal at data.illinois.gov: 404 datasets from state agencies covering health and human services, public safety, revenue, transportation, and the environment, published through the Socrata SODA API with CSV, JSON, and XML exports.",Portal Open,,,142
State portals,,New Jersey Open Data,https://data.nj.gov/,"The State of New Jersey portal at data.nj.gov: 621 datasets from state agencies covering the environment, public safety, health, transportation, and the state budget, published through the Socrata SODA API with CSV, JSON, and XML exports.",Portal Open,,,143
State portals,,Vermont Open Data,https://data.vermont.gov/,"The State of Vermont portal at data.vermont.gov: 270 datasets from state agencies covering education, health, transportation, energy, and the environment, published through the Socrata SODA API with CSV, JSON, and XML exports.",Portal Open,,,144
City portals,,NYC Open Data,https://www.nyc.gov/opendata,"New York City Socrata portal: 3,000+ datasets from 40+ agencies, covering permits, 311, taxi trips, and building data.",Portal Open,,,148
City portals,,Chicago Data Portal,https://data.cityofchicago.org/,"City of Chicago Socrata portal: crime, permits, building violations, and transit datasets, a long-running civic open data program.",Portal Open,,,149
City portals,,Los Angeles Data Portal,https://data.lacity.org/,"Los Angeles open data: myla311, permits, code enforcement, budgets, and mobility datasets on the Socrata platform.",Portal Open,,,150
City portals,,Seattle Open Data,https://data.seattle.gov/,"City of Seattle Socrata portal: permits, land use, tree inventory, and 911 call data.",Portal Open,,,151
City portals,,San Francisco Open Data,https://data.sf.gov/,"DataSF, the City and County of San Francisco's open data portal, which moved from data.sfgov.org to data.sf.gov. Department datasets on policing, transit, permits, housing, and the city budget, published through the Socrata Open Data API with JSON, CSV, and GeoJSON exports.",Portal Open,,,152
